url,first_seen_page,alt_or_product
https://gt40marine.com/v5/gt40logofull.png,home,GT40 Marine
https://gt40marine.com/v5/hero1.png,home,
https://gt40marine.com/v5/hero2.png,home,
https://gt40marine.com/v5/hero3.png,home,
https://gt40marine.com/v5/ski230.png,home,Sea-Doo 230
https://gt40marine.com/v5/ski260.png,home,Sea-Doo 260
https://gt40marine.com/v5/ski300.png,home,Sea-Doo 300
https://gt40marine.com/v5/ski325.png,home,Sea-Doo 325
https://static.wixstatic.com/media/a4d090_ee3d6c08e0744951957c420e9fbf4e99~mv2.png,home,Sea-Doo 325 Stage 1 Performance Kit
https://static.wixstatic.com/media/a4d090_6da4573f5a3f462ca1a5f72989555659~mv2.png,home,Sea-Doo Carbon Fiber Cold Air Intake Kit
https://static.wixstatic.com/media/a4d090_4eb9c32c036d4dcfa1dd719af5e07833~mv2.png,home,Sea-Doo 2020+ Shorty Water Box
https://static.wixstatic.com/media/a4d090_f5a05ec72c4649c1bccfae82458f916d~mv2.png,home,GT40 Marine Stage 2 Kit 230-300HP
https://static.wixstatic.com/media/a4d090_1cae3b4f4dab477b8e91cf2a374256de~mv2.png,home,Sea-Doo 4-TEC / ACE Catch Can Oil Breather Kit
https://static.wixstatic.com/media/a4d090_d36e30e6e40d4d01a23fc0a4750fc880~mv2.jpg,home,GT40Marine Sea-Doo 230/300/325 SuperCooler
https://gt40marine.com/globe/p-stage1-promo.png,home,GT40 Stage kit built in-house
https://static.wixstatic.com/media/a4d090_6ac9de818cbc46e187d2b61f6e53c295~mv2.png,gelcoat,Sea-Doo Gel Coat Repair Kit
https://static.wixstatic.com/media/a4d090_6e5c9207152f47cf9e570613114d1626~mv2.png,gelcoat,Sea-Doo Gel Coat Repair Kit
https://static.wixstatic.com/media/a4d090_2b7dfcb300bd479eb8973e3d0ba01f37~mv2.jpg,gelcoat,Sea-Doo Gel Coat Repair Kit
https://static.wixstatic.com/media/a4d090_3dc5f756168f4dbba4276052ea923a9d~mv2.png,gelcoat,Sea-Doo Gel Coat Repair Kit
https://static.wixstatic.com/media/a4d090_47955d3779fa48cbb1c3fb4e0893233c~mv2.png,gelcoat,Sea-Doo Gel Coat Repair Kit
https://static.wixstatic.com/media/a4d090_b04204053a514f6090235d1de603fefd~mv2.png,gelcoat,Ski Nautique Correct Craft Silver Cloud GT40
https://static.wixstatic.com/media/a4d090_f928edae0ffc48b3a58aa2029b45d447~mv2.png,gelcoat,Sea-Doo Gel Coat Repair Kit
https://static.wixstatic.com/media/a4d090_39c2558c297443b3a594894eeeb5887a~mv2.png,gelcoat,Sea-Doo Gel Coat Repair Kit
https://static.wixstatic.com/media/a4d090_c128a8b24ea742b79e7fad8a99d221ce~mv2.jpg,gelcoat,Sea-Doo Gel Coat Repair Kit
https://static.wixstatic.com/media/a4d090_389cb2dda1ac4ebfb6bf8d3e102959a0~mv2.png,gelcoat,Sea-Doo Gel Coat Repair Kit
https://static.wixstatic.com/media/a4d090_a6d9769bcd7947d789e92fe546260382~mv2.png,gelcoat,Sea-Doo Gel Coat Repair Kit
https://static.wixstatic.com/media/a4d090_346bb182ac7845bdb554970b2e31fcd8~mv2.png,gelcoat,Sea-Doo Gel Coat Repair Kit
https://static.wixstatic.com/media/a4d090_a9e3ef257a4746d3acb926f87c1a3e3c~mv2.jpg,gelcoat,Sea-Doo Gel Coat Repair Kit
https://static.wixstatic.com/media/a4d090_b296cf3323b047f79c33417dc139abee~mv2.png,gelcoat,Sea-Doo Gel Coat Repair Kit
https://cdn.shopify.com/s/files/1/0719/7071/7738/files/s-l1600_8fa37b5a-0d42-4600-aa4e-abf387620350.jpg?v=1780344238,products,Sea-Doo RXP/RXT 215HP Rear Exhaust Kit
https://cdn.shopify.com/s/files/1/0719/7071/7738/files/d14ec1de-IMG_8534_0ebec47a-bb86-4227-b85c-b0693dfb17bb.jpeg?v=1780412960,products,Sea-doo RXP-X Rear Exhaust 2021+ 230/300/325
https://cdn.shopify.com/s/files/1/0719/7071/7738/files/s-l1600_8e98db24-7a60-4e6c-8c48-958541f3b140.jpg?v=1780344242,products,Sea-Doo Custom Exhaust Tip
https://cdn.shopify.com/s/files/1/0719/7071/7738/files/s-l1600_b679fb47-91a2-41b8-846b-a9a05633b034.jpg?v=1780344248,products,Sea-Doo Rear Exhaust Outlet Kit
https://gt40marine.com/v5/pexhaust.png,products,Sea-Doo RXP-X 300 Rear Exhaust Kit 2016-2019
https://cdn.shopify.com/s/files/1/0719/7071/7738/files/d14ec1de-IMG_8534.jpeg?v=1780412950,products,Sea-Doo 2018+ RXT-X / GTX Single Rear Exhaust Kit
https://cdn.shopify.com/s/files/1/0719/7071/7738/files/7c1fa7d7-IMG_8516.jpg?v=1780416405,products,Sea-Doo 2018+ RXT-X / GTX Titanium Single Rear Exhaust Kit
https://gt40marine.com/v5/pcarbonintake.png,products,High-Flow Intake Grille for Sea-Doo 325 – RXT-X/RXP-X/GTX 2024+ Models
https://cdn.shopify.com/s/files/1/0719/7071/7738/files/GT40-IMG_8540.jpeg?v=1780413274,products,Yamaha SHO/SVHO 1.8L Cold Air Intake Kit
https://gt40marine.com/v5/productstage1.png,products,Sea-Doo RXT-X RXP-X GTX GTR 230/300/325 Stage 1 Performance Kit
https://static.wixstatic.com/media/a4d090_93a5d1c34beb471db94c3d84fe7aa92f~mv2.png,products,Marine Intake Pre-Filter
https://cdn.shopify.com/s/files/1/0719/7071/7738/files/s-l1600_9b919526-f923-4b0d-b7f6-4e8ba11e47b7.jpg?v=1780344212,products,02-09 Honda Aquatrax R-12 R-15 Cold Air Intake 4’ Inch Marine Grade Filter
https://cdn.shopify.com/s/files/1/0719/7071/7738/files/GT40-IMG_8540_ec126c11-a176-47ff-8bb9-b1015bc4feaf.jpeg?v=1780413289,products,Sea-Doo Carbon Fiber Cold Air Intake Kit
https://cdn.shopify.com/s/files/1/0719/7071/7738/files/GT40-IMG_8540_7fc93694-eeeb-49f9-8a19-603c3c78ece3.jpeg?v=1780413292,products,Sea-Doo Shorty Cold Air Intake Kit
https://cdn.shopify.com/s/files/1/0719/7071/7738/files/GT40-IMG_8540_d8a374cb-c5c2-463d-a6d8-3b93c6d46632.jpeg?v=1780413294,products,Sea-Doo Cold Air Intake Kit
https://cdn.shopify.com/s/files/1/0719/7071/7738/files/GT40-IMG_8540_c32887aa-13fc-48bd-afc8-35d1ff09cc6f.jpeg?v=1780413296,products,Sea-Doo Cold Air Intake Kit
https://static.wixstatic.com/media/a4d090_1cf9e15c6d97400787c3a6ce20160a46~mv2.png,products,RXT-X RXP-X GTX GTR 260 Stage 1 Kit With Carbon Fiber with Tial Bov
https://cdn.shopify.com/s/files/1/0719/7071/7738/files/seadoo-325-stage2-kit-hero.png?v=1779220414,products,Sea-Doo 325 Stage 2 Performance Kit
https://cdn.shopify.com/s/files/1/0719/7071/7738/files/9ff24780-IMG_8548.jpg?v=1780413753,products,GT40 Y1000 Intercooler for Yamaha Waverunner
https://cdn.shopify.com/s/files/1/0719/7071/7738/files/f90435d7-IMG_8553_35fdd5ed-3f5a-47a7-aefe-8c2ec1333195.jpeg?v=1780414889,products,Sea-Doo 325 Intercooler Tubing + 50mm BOV Kit
https://cdn.shopify.com/s/files/1/0719/7071/7738/files/seadoo-300-stage1-kit-hero.png?v=1779220408,products,Sea-Doo RXT-X RXP-X GTX GTR 230/300 Stage 1 Kit
https://cdn.shopify.com/s/files/1/0719/7071/7738/files/97afa3c6-AEB4BEDD560C469E8FB316C9113B622A.png?v=1780341625,products,Sea-Doo Switch 230hp 2021-2025 Cruise Sport Performance Stage 1 Kit
https://static.wixstatic.com/media/a4d090_7437577df357403f9866d439e1b95e82~mv2.png,products,Sea-Doo Stage 2 Performance Kit
https://static.wixstatic.com/media/a4d090_d9cbb93d73484cf18caba1a802f74eba~mv2.png,products,Sea-Doo RXT-X RXP-X GTX GTR 230/300/325 Stage 2 Kit
https://cdn.shopify.com/s/files/1/0719/7071/7738/files/seadoo-215-260-stage1-kit-hero.png?v=1779220903,products,Sea-Doo RXT-X RXP-X GTX GTR 215-260 Stage 1 Kit
https://static.wixstatic.com/media/a4d090_743d3a9d0cd147bdbee8a39ddf5912ca~mv2.png,products,Sea-Doo RXT-X RXP-X GTX GTR 230/300/325 Stage 1 Kit
https://cdn.shopify.com/s/files/1/0719/7071/7738/files/ski-rxp-x-325.png?v=1779921077,products,Sea-Doo 325HP Speed Limiter Delete - RXP-X / RXT-X / GTX 2024-2026
https://cdn.shopify.com/s/files/1/0719/7071/7738/files/f90435d7-IMG_8553_f0205568-e570-4375-a2bb-f4ac7415a3b9.jpeg?v=1780414912,products,Sea-Doo 325 Intercooler Tubing + BOV Kit
https://cdn.shopify.com/s/files/1/0719/7071/7738/files/f90435d7-IMG_8553.jpeg?v=1780414874,products,Sea-Doo RXP-X 260 Intercooler Tubing + TiAL 50mm BOV Kit
https://cdn.shopify.com/s/files/1/0719/7071/7738/files/s-l1600_d0535cdd-7db8-4fde-81ba-74364ae51de8.jpg?v=1780344245,products,Sea-Doo Cold Air Intake + Catch Can Kit
https://cdn.shopify.com/s/files/1/0719/7071/7738/files/f90435d7-IMG_8553_fb76306d-7c8d-45e0-b255-bd0ff9a1791a.jpeg?v=1780414897,products,Sea-Doo 215/260 Intercooler Tubing + BOV Kit
https://cdn.shopify.com/s/files/1/0719/7071/7738/files/f90435d7-IMG_8553_574534ea-1453-45dc-8a48-b6d286b8995a.jpeg?v=1780414905,products,Sea-Doo 230/300 Intercooler Tubing + BOV Kit
https://static.wixstatic.com/media/a4d090_14c59c3204fa42788fceaaca53e79412~mv2.png,products,Sea-Doo 4-TEC Spark Plug
https://static.wixstatic.com/media/a4d090_e9dd6c24feab44fc880c29c8daa3e65d~mv2.jpg,products,2002-2005 seadoo gauge cluster
https://cdn.shopify.com/s/files/1/0719/7071/7738/files/gt40-olc-sd300-hero-v1.jpg?v=1779568968,products,Sea-Doo Open Loop Cooling Kit
https://cdn.shopify.com/s/files/1/0719/7071/7738/files/RDK_full_kit_with_holesaw_v1.png?v=1779572655,products,Sea-Doo Ribbon Delete Kit
https://static.wixstatic.com/media/a4d090_68906d06fdc8481cae122465d48f3b4f~mv2.jpg,products,Indmar Top Mount Starter – 573004
https://static.wixstatic.com/media/a4d090_ce11d00b42b044bb9c9175699c420348~mv2.jpg,products,"PCM Left-Hand Starter for GT40 Engines, 302/351, 1992-Later - RA122014"
https://cdn.shopify.com/s/files/1/0719/7071/7738/files/s-l1600_87206d7a-05ec-403b-b9b1-7ce952e53fec.jpg?v=1780344257,products,PCM Starter Ford Marine Right Hand Rotation (Reverse)
https://static.wixstatic.com/media/a4d090_bb3f8ed5943940078594a33ff19804ae~mv2.jpg,products,Indmar LS1 LQ9 and 6.0L Starter Marine
https://static.wixstatic.com/media/a4d090_e15c4f2b0aed44859656697ac548e70a~mv2.jpg,products,Starter Indmar Bottom Mount Marine Starter (RA122019)
https://static.wixstatic.com/media/a4d090_a26150b70e90472486a8a9990e03bb6b~mv2.jpg,products,Starter GM LH 305/350/454/6.0L
https://static.wixstatic.com/media/a4d090_7415f06b93a6419ba03afc504626255b~mv2.jpg,products,Starter RH 305/350/454 (RA122008) Clockwise
https://static.wixstatic.com/media/a4d090_61d8ec07d49546b0a8e42893c22d4c94~mv2.jpg,products,Starter Kit RH Ford 302/351
https://gt40marine.com/v5/pstarter.jpg,products,ProBoss 5.8 Starter Solnoid
https://static.wixstatic.com/media/a4d090_9429f0681dea4d0b9e919f717e2845ed~mv2.jpg,products,ProBoss 5.8 Marine Starter
https://static.wixstatic.com/media/a4d090_e015b4e02f5842afbebf414da7f59d8c~mv2.png,products,GT40 Marine Starter Relay
https://static.wixstatic.com/media/a4d090_2d1482d9ed03423ba74e4cc12a40eadd~mv2.png,products,Gt40 Alternator Upgrade Kit
https://static.wixstatic.com/media/a4d090_a1e5ad2a6bba41309b1783bfdeebcb72~mv2.png,products,PCM R066001 Alternator V-Belt Standard 302/351 HO GT40 Pro Boss
https://static.wixstatic.com/media/a4d090_8e49741629054a3f808ef3cb6b0301f2~mv2.jpg,products,PCM Gt40 5.8 95Amp Alternator
https://static.wixstatic.com/media/a4d090_77c0b30c17084f1ebd547fa41f12111e~mv2.jpg,products,Ilmor 95 Amp Alternator  #PV06102
https://static.wixstatic.com/media/a4d090_855bdf6010c24e79abbc6bc3af56621a~mv2.png,products,PCM Gt40 5.8 95Amp Alternator Kit
https://static.wixstatic.com/media/a4d090_7b40338ed591439b994660996349bbf3~mv2.jpg,products,GT40 Alternator pre-2003
https://static.wixstatic.com/media/a4d090_426b2959c4a54887ae139ad684f420d7~mv2.jpeg,products,Alternator Delco 70 AMP
https://static.wixstatic.com/media/a4d090_43fece5725aa429d93b4200a93113042~mv2.jpg,products,Alternator LT1/LTR Replacement
https://static.wixstatic.com/media/a4d090_8716f36b7478453182709ff3cabb5a49~mv2.png,products,GT40 Marine Oil Pump
https://gt40marine.com/v5/pfuelpump.jpg,products,RA080018 Low Pressure Fuel Pump
https://static.wixstatic.com/media/a4d090_77fcb6d2f33b47eba1e8b24b69a95ea1~mv2.jpg,products,Electric Fuel Pump for PCM RA080023
https://static.wixstatic.com/media/a4d090_1c08bfe6f78c465b838276afe573d3b7~mv2.jpg,products,GT40 Marine Diagnostic Scan Tool
https://static.wixstatic.com/media/a4d090_59ca6e95b4b9454dbaff71de8bea96d4~mv2.jpg,products,Repair Kit For Fuel Control Cell (Fcc)
https://static.wixstatic.com/media/a4d090_2cce33fa5c914a6da626a4904c0b4d5a~mv2.png,products,PCM GT40 5.8 ECM Cover
https://static.wixstatic.com/media/a4d090_c90cd618eb7e459eaeb6dedb6c298be6~mv2.png,products,PCM Ford gt40 ecm cover
https://gt40marine.com/v5/pecu.png,products,PCM Gt40 Wiring Harness
https://static.wixstatic.com/media/a4d090_f0c9a690e9ef49e9a828a28f36d57e02~mv2.png,products,PCM Gt40 complete intake manifold
https://static.wixstatic.com/media/a4d090_5ed5b6fc256d4ce79f3f0cca87af44e6~mv2.jpg,products,GT40 Marine Spark Plug Kit
https://static.wixstatic.com/media/a4d090_2cbd3786eff146ffb504267fe63b2364~mv2.jpg,products,Sherwood raw water pump
https://static.wixstatic.com/media/a4d090_2ebe0bdcd6bc4ddbae1e902a33d99323~mv2.jpg,products,Impeller PCM GM – RP061017
https://static.wixstatic.com/media/a4d090_de16c4c45ee34d938ec504f95dd70a2f~mv2.jpg,products,Fuel Control Cell Fuel Filter &amp; O-Ring Kit RP080026 Replacement for EFI PCM Engi
https://static.wixstatic.com/media/a4d090_cc058f5bdc0f4b97a0fada8f8b8e32ac~mv2.jpg,products,Excalibur 330 Low Pressure Fuel Pump
https://static.wixstatic.com/media/a4d090_e73825e78c5c4d03b8ea4104b6e61b19~mv2.png,products,PCM Platinum 8.1L Spark Plug Set PCM - RP030009
https://static.wixstatic.com/media/a4d090_c5d503b38b3641ef89ad03de9e7b68f1~mv2.jpg,products,Spark Plug Set Vortec 5.7L Autolite Set Of 8 OEM RP030008
https://static.wixstatic.com/media/a4d090_ac89384c593a4cbea3af4a6ef33b7142~mv2.jpg,products,Spark Plug Set PCM - Indmar 8.1L - 6.0L Set Of 8 NGK-7862
https://static.wixstatic.com/media/a4d090_7a9b700aa9014d92a86134191de9004c~mv2.png,products,PCM Excalibur 330 Set of 8 Spark plugs
https://static.wixstatic.com/media/a4d090_76c8df0e720148a6b92d291f26606478~mv2.jpg,products,Low Pressure Fuel Pump RA080036
https://static.wixstatic.com/media/a4d090_fd26453987f245139ac0996b5ff7961d~mv2.jpg,products,WIX33299 Fuel Filter 1/2&quot; Moomba/Supra
https://static.wixstatic.com/media/a4d090_e50db924e50b41a6b8bbd341fea707b1~mv2.jpg,products,PCM Inline Fuel Filter 40 Micron EFI R080024A
https://static.wixstatic.com/media/a4d090_6eecb85d7ebb44f5ad82997b6c2c657e~mv2.jpg,products,Low Pressure Fuel Pump ( RA080018 )
https://static.wixstatic.com/media/a4d090_992e1b9b07564a1198b7eb9451e79eac~mv2.jpg,products,High Pressure Fuel Pump ( RA080025A )
https://static.wixstatic.com/media/a4d090_a923802300d54ad889ec9ea646aa9045~mv2.jpg,products,Fuel Relay ( R130011 )
https://static.wixstatic.com/media/a4d090_71651bc4c56b462f8bb99c69afd2cc0a~mv2.png,products,PCM GT40 5.8 ECM Module
https://static.wixstatic.com/media/a4d090_802d0238242b4f63b409a290194a83e3~mv2.png,products,PCM Volvo Penta / OMC Cobra ECM 5.8
https://static.wixstatic.com/media/a4d090_8ba3698af5b840efb09ed6e1c4c0a4a7~mv2.png,products,GT40 ECM Lifetime Warranty
https://static.wixstatic.com/media/a4d090_c3b0bc4a222f40b99f97bbfc6ecb0bae~mv2.png,products,PCM Volvo Penta / OMC Cobra 5.0
